sample1,sample2,sample3,sample4,sample5,sample6,sample7,sample8,sample9,sample10,sample11,sample12,sample13,sample14,sample15,sample16,sample17,sample18,sample19,sample20,sample21,sample22,sample23,sample24,sample25,sample26,sample27,sample28,sample29,sample30,sample31,sample32,sample33,sample34,sample35,sample36,sample37,sample38,sample39,sample40,sample41,sample42,sample43,sample44,sample45,sample46,sample47,sample48,sample49,sample50,sample51,sample52,sample53,sample54,sample55,sample56,sample57,sample58,sample59,sample60,sample61,sample62,sample63,sample64,sample65,sample66,sample67,sample68,sample69,sample70,sample71,sample72,sample73,sample74,sample75,sample76,sample77,sample78,sample79,sample80,sample81,sample82,sample83,sample84,sample85,sample86,sample87,sample88,sample89,sample90,sample91,sample92,sample93,sample94,sample95,sample96,sample97,sample98,sample99,sample100
89.02358181133631,89.56735249327731,88.75601962245142,88.40818804691196,89.29255007721099,80.11804118261176,85.95960291383507,89.82397494948455,84.52763724248305,82.06039291291232,80.34399606547403,84.76407792361083,84.98741289960142,83.41279151634859,82.69058828780838,81.99351290013004,89.19317219657911,89.48130751078922,81.82407468417027,80.466971677427,84.67361820501515,88.11093025762985,84.22934468953862,85.89321190346098,82.50317717635139,83.49007621432276,85.92967596304328,85.27008469913078,80.81406314755992,86.78818045819324,89.6033535202109,85.07565573669537,83.23379212765775,86.5475109249403,87.18633236708496,84.12029720063848,81.50906287349723,83.49470947520796,81.72083768867485,81.61568279137116,85.50269743881525,88.95322707616948,80.86463050862749,80.04867385161899,84.49290394100981,81.36600497568386,81.66312715886119,87.67723384284196,84.53355432576971,82.77484550541855,87.3568285558253,83.384666634449,80.43983124016029,87.34236624131727,86.6792197314748,85.38595535526693,86.25784793524383,80.10897800601724,82.91291739950334,82.79690665376017,85.47551259593831,82.7549555039167,81.45636390715951,85.27136732421204,82.9106028062295,89.62571080876458,85.87478809441338,82.6590169808943,81.86678051954999,80.08648441185247,85.28312431950145,81.21241930294632,87.3744368180913,84.44708372175576,89.53577540320275,82.2704263771127,89.88148886157516,80.7802088488334,88.37889514677656,80.18524672529705,82.90313449892346,81.11567143681766,83.5666523081212,85.62659884704833,88.2498440197226,87.36871098065632,84.42211497135551,89.60238242949355,83.92256076142493,85.84505597455797,86.594550969663,83.98103692142767,88.3559591383233,80.07792859284552,80.54771978219117,86.62490083555092,83.72675286112192,80.41087790528478,81.43085137396284,87.91106389054188
81.6566765242674,85.00543994958302,84.37653264960377,86.62671479456013,86.75486422134782,82.07504443050667,81.6905717478261,80.27601770841089,85.2798419225201,80.7940023766696,81.2628340259115,84.40195444906442,81.69694013380405,81.46755233586289,81.82396716129465,87.41054954679878,87.52301795634264,86.09339673956163,85.21899693049757,89.9388702550063,80.68776560436393,89.0238540441195,89.1456191772522,84.74174600541122,85.90536709609239,88.1042355721462,82.6268829537785,82.40026722022436,82.48221503950349,80.65335931311644,83.31776276084827,89.30336095060771,88.90311867868485,85.68034053980575,84.76407792361083,89.28688299179862,87.63365549823124,86.72802398738537,87.41641225491395,81.73875845499938,89.92377065566221,80.466971677427,82.99703479074405,85.06044170134552,85.79331634123331,83.92256076142493,82.70945505247883,88.04362893859796,80.18879696182809,84.49950331758122,87.1161035930719,84.69798677486678,86.91766116516527,87.71918411394694,81.30847936426451,87.12399239820338,82.89713152645669,86.27915332683554,86.19075248932175,84.54548809486857,89.05662217853019,81.78365713361384,87.76538971123568,81.36043702909912,88.51772517953086,88.46474237658194,80.13802422589009,85.76662825078395,83.79675341374593,86.1613984733974,86.44993673499947,81.27003689607145,83.72675286112192,84.57320201753382,82.35791736963625,84.36800268371954,82.25925433975227,86.92532871897627,89.7206599338915,88.98914973547171,81.45078662968676,85.12589650185288,81.84126446931522,86.05514998285393,84.40218707346638,87.29092991436463,88.39637512363788,86.77600376754499,88.50705272874818,87.48118356169613,82.53120985732976,83.68186871295654,81.68370804554121,81.75519556302987,80.45147309737926,81.98606852503985,84.66522058194772,86.88510086090122,83.8629580376304,86.80523883443877
84.22728718094072,81.17298187683159,84.24541427070281,89.78958094323477,81.26816737561622,86.25300052991604,88.61831882446488,84.65866069341077,80.82944128042216,87.86101025491624,86.41936722811108,88.36100634618813,89.93101004358738,89.27060848324864,82.15309195441017,85.06666730284155,81.96321127979532,80.06969542896861,81.2882942873332,85.8149257088829,80.53156117055936,89.69227010389378,80.98551253362011,89.1334420622109,88.59746485209949,89.30398591449348,89.81813837367726,84.12334155450633,85.04196306274092,83.83938728909669,86.56061691305906,86.51897793687036,86.70798569056016,86.48295827562653,85.81312815913004,88.68773515858163,85.72664814277897,89.21456507063064,88.48910705449585,82.97506053121332,89.42580870116845,86.48281866762899,81.57569118143626,88.22022165292746,83.91805435580348,87.963928331485,82.25925433975227,87.34332021990767,89.78958094323477,87.95678107498925,88.7879227583931,89.65349744631789,87.60464963874593,88.96752402958897,85.87478809441338,85.03229749216014,81.44864974786276,87.34516402565608,87.45963075797741,83.5710554742185,80.06969542896861,80.7940023766696,84.39760146269316,84.70426052893654,88.23923708172299,83.8010410506887,80.05483049703679,89.23645720194924,80.49484877588853,82.78127082624484,88.03677921851009,89.44331767317206,80.1287820711707,84.13000535016415,80.77105537251374,86.99088583899399,86.3576700933054,85.92220594030482,88.88780199551587,81.48890006664894,81.0147822005368,88.16525736324742,81.76052481479144,83.27162847294764,89.46540380496425,83.64507930207333,86.72802398738537,87.32877251294133,80.20788260043119,83.41412736058722,84.27459721515588,81.09894586896296,81.29540570999944,88.61831882446488,87.26995472163537,81.80135337057877,88.52739673962097,82.60341889185987,86.2723678894986,83.92025933472473
85.60427036366052,80.52721432608533,81.13082788916141,87.55462509312581,83.07976106985052,80.71345891266488,80.41087790528478,80.47010384665373,88.53715324192197,80.61518530868301,82.03346020795291,88.0832152727686,84.7365567624944,84.80797427327683,84.77694534791121,80.98441782221228,89.5449963273455,84.31560137433239,84.22728718094072,81.13140744285081,80.65644742671046,86.74508494566864,80.63904377208797,82.77294986620497,86.98261959843175,86.6792197314748,81.73307610646256,82.31457964715436,89.10452135346806,88.66033480708903,89.77678546197818,80.26638067448371,83.37042074114336,87.26237935828532,86.21568160332586,80.4937685191306,82.10665669046539,88.11833711137868,81.5137995557123,83.95698586463674,85.3617748451513,83.75843861549787,81.89869661964886,87.09612494733125,85.05775838868301,85.99361068096569,83.89963439499154,82.2126072800303,87.4212767170776,81.69772765233932,86.9673464908227,87.73146169076206,82.38668363325887,86.95118929640701,82.09628006498545,83.00769763493835,89.6604890106392,86.56837980076604,83.75843861549787,88.95907015274588,88.90234929365688,85.15531663922837,88.70823804438953,88.68924901242245,80.71645911130575,82.72606351499793,82.68756271343943,84.1164981184624,89.2044677821377,85.9168668880177,85.0384901458903,81.99072114834622,88.95067708135726,84.62750495182294,86.53284689568079,89.96528616404977,89.28260368397487,85.19354632085366,89.85773653662615,87.30487527141864,82.79818120004943,82.80800277016043,81.02299340742675,86.98913420791378,82.76547965621855,82.03410401651271,87.1826797312418,81.30027458175343,82.22753575742348,89.24683857059709,88.25706477851058,89.85004372456883,83.1741046237236,83.5796125964646,88.90014356728871,81.01999292626188,80.61178527240129,85.2182109550705,86.09339673956163,84.13851033723891
85.52921398971436,89.33408339283113,84.1670787885533,85.40159399723568,82.47595216900129,87.39458405656862,82.01496674333707,88.40788311324597,82.75620085603246,87.77372124312751,81.85972299696951,88.49817263245717,89.05349208104153,88.56526068163414,82.50066309296152,86.88467429431314,89.04015216300519,86.40179749584031,87.49642246862922,83.57657515251186,80.98441782221228,87.69955147091082,82.50206551031806,89.78013853954289,80.5152610393284,84.74501264268474,89.39443419837616,86.96389478082179,88.05692518382259,85.02405462638328,88.28914622234701,88.89304739677524,82.68252826902243,86.4576327032464,85.15470346405351,80.36299039044167,84.65852471659484,84.34029380588538,85.97496622995635,86.55416729802117,89.26179845823054,89.11374942243766,88.82450292130012,87.48357274024941,81.38287416515526,83.94728608843607,83.79178055181738,85.23234680739455,87.03091832964354,84.25433659718752,83.31958033384242,81.99072114834622,86.05745760693114,88.66033480708903,89.75259848750707,85.97145652625079,86.51379286555981,87.86278116287568,86.7341470393878,86.99088583899399,89.46932323738474,80.75561682422364,87.78087366405263,86.79063804156114,83.24859892903294,88.13984385790727,81.43085137396284,86.12507276024225,88.71931650560583,81.78919748153086,80.46987789351331,85.08481931370842,88.8401000740737,86.04758528977446,86.72676351304202,84.76155371712846,88.36100634618813,83.51563258757639,83.80208362449213,87.26046445358014,84.81859251736628,86.13753643103466,80.83736880989305,84.50890192536637,86.72776443107396,88.41499178233465,82.71952833564414,82.93822705021837,89.67957006463568,84.14316819741126,85.18696319263921,81.95534616045396,86.48895083496592,81.66788481450516,89.63111500100445,88.82864650890195,80.03954658508442,83.12433430308442,86.72205216921198,87.80686099463816
89.3138168888536,85.97699662924433,88.66033480708903,87.95194687106678,81.72008889835566,81.89625960543559,81.66479277145703,88.62992626090458,86.7314983931499,86.77235163875204,82.12205197313891,86.00109133546579,84.20395305017861,82.379858994313,85.36201637449967,88.3292371124167,84.9303817290414,83.77376494684265,88.8456769927879,82.44401723642393,82.54506887015992,85.33618524987182,80.97583382553226,85.2791608485244,82.86779604886101,82.85365674370543,87.11060132587166,85.7368674398734,83.9982459154064,88.6645229185057,81.80215532260712,85.85380327603185,86.94021243865195,84.60560292588616,82.10435688462933,82.89352515380932,80.00093026730323,88.39637512363788,86.32763958135826,88.58684730402393,83.72648899669,88.3311426565091,80.6579544717747,81.15294387417578,81.45181029120454,87.52301795634264,86.5541260417966,83.75437887957048,80.61045653912501,84.805758120683,87.73704088231796,84.96752662960363,87.02258177198401,82.8772513944851,82.55407178507022,83.03591095466197,89.41566627725288,84.95370855632342,81.9246594765788,88.12045680500762,83.92530813550079,82.09807666572623,81.69690935869153,83.66921434057664,83.13843220954179,89.80902744089897,83.77326007325607,81.42474762562989,80.76105819040441,86.36489021224037,81.93888046790053,87.71962167014745,88.47831444733539,84.28916145114783,82.55629309041304,88.42221083514545,89.52673681073222,85.2775743135493,82.40375811405175,83.71418402522565,81.72046362834001,80.2282165799915,82.40487417321009,84.94106942351276,81.39734628540756,89.01431795617091,82.71962603372909,83.58922753990524,85.61236854963511,85.75443952308555,82.98556076614231,85.2551128818767,83.69896060552765,89.58929520259615,82.08498927993507,85.28555075014629,88.31682979732167,86.80239667897868,82.93822705021837,84.5585038649379
84.85160651323261,84.18231848711152,82.28863513869533,87.51169326796439,89.57292277649186,88.98628050914334,85.73655014532284,84.98101499906764,83.42003100704494,88.7596358757725,89.64052027445013,84.24981005133868,87.03400772280732,81.77828720503234,80.01570798493722,89.84062643901565,82.08498927993507,84.92118627667745,81.91050507800054,88.00565565378093,88.63322054320855,81.87536367145773,80.71680793335636,85.4766878245898,86.7505174451083,89.50368829141611,85.96636862841369,81.64662878497639,80.35824099543854,87.86278116287568,80.24849841464442,89.3704578335939,87.57047160951097,89.55604825397633,80.31919782612391,81.30223996466147,85.17457827012188,89.36612581555816,80.71684450684045,82.35843610524533,83.93028575386982,89.17528797289324,83.9332292048463,89.6286320374891,80.51370313057896,84.74502679685281,85.93227847296495,81.62734155166491,80.04780427074726,87.52927211304625,89.46665406725369,84.69171612191762,83.84318332368593,87.6443593294717,85.29119790506046,89.10007369764519,85.25706266729009,85.60979844187231,83.81585075997286,85.84238461990059,89.0596116670812,85.82917663400775,83.21776273778396,89.62422429388413,88.55322059426177,81.27288608740184,86.3096786798307,87.32358946190955,80.23694049738394,82.12402972858324,87.51042389474833,85.95060555410114,85.23244357590694,89.8078640773452,84.69784322775217,86.90725047329667,85.7953031554768,83.90875056993578,84.08678148145225,84.38862251652087,88.7237269346941,81.07373546602847,87.57218340959352,87.95194687106678,81.5362243425788,86.59682923623299,82.02063682862628,87.88365028830361,85.83098622805406,83.42506168942623,85.29256611751438,84.48962413030789,89.03154910556523,80.03352611154537,85.19358788950791,87.29500306934327,80.2562107360976,83.87111793967608,84.93475801832717,83.8941038520148
88.982239408384,83.51961980752735,82.02032930359879,83.71051367760651,80.3769999074416,87.67582759220495,85.23547083437316,87.47649304034702,88.22589058293015,85.29403782216193,83.94747869832608,83.97052411197978,81.91212639433463,83.42440403102684,82.86136338942892,87.9330567200721,88.26689052527757,89.110427558886,89.73397699808862,88.36100634618813,87.37287012902466,89.90145052541847,87.850976112935,85.92967596304328,85.85015214075393,87.02585446583485,86.31875554010874,83.78826075685369,81.55270708084934,84.66701900820698,86.81853726086493,84.81013697162983,83.96061744503996,83.26230510269014,80.59745189206845,85.37954592876115,88.3214071440189,81.6020571854617,83.81466902567033,80.31919782612391,86.52276608914879,86.35200424282654,87.68484261752786,81.03790882910549,85.63018196834109,81.75361294170445,80.50786440438986,84.83548076561178,80.31782274097138,89.34896635738225,81.90298952053517,85.85015214075393,86.8481849475012,80.17214479263983,83.96007131092756,85.49400535329825,81.8167049198947,88.76896032502792,84.13314323003308,89.9661948704731,85.19354632085366,86.15813159592497,86.54788236875805,88.49817263245717,80.2119284697235,81.01836157212291,85.86956763096646,89.42521072833848,84.80865999357992,84.81052245457256,84.91849813742833,85.9363397360313,85.25030545562616,84.30692722893463,89.42127300937112,80.86109281612876,83.73359377430903,87.45963075797741,80.95859677529397,87.26245354686728,88.30882835898358,86.57917857601988,86.27291815966542,80.8861341285163,89.65326485143837,89.69810924372987,87.95678107498925,87.79678993712486,87.94506633449316,87.83222210505357,81.24296167561803,86.52418842909067,85.66403480511529,84.49957860947673,85.90121520728462,84.90681232602988,86.29310498821395,84.15249323685126,88.94360492433762,86.09251651298982
84.37200597464087,85.53638391534056,80.55719427313787,87.30527281868208,86.98097800930805,87.30527281868208,82.04167062165818,86.27622081842718,82.50034029641412,89.96190694796962,81.65315337009964,83.97351987622798,83.70922717364155,82.93709681184768,85.70236091818664,82.80167697410965,86.90044815723888,87.64226541289771,80.59626385375677,87.80592305598617,86.2723678894986,88.35349377104966,89.54377389150362,86.15626678221372,88.33636508318746,82.39724576898175,82.44657357030664,80.30386702621557,84.0769235622447,88.47453626036312,86.7611232390237,80.65598452729604,86.6916851874693,88.86098887487485,81.93442896409483,86.6212392079831,83.5263332898944,88.63322054320855,86.42455839124335,85.95757031009903,87.94435088791138,80.30786870095831,83.66061786725314,87.14121869740066,82.53745254610325,88.03619886812713,86.93755203699111,80.33241978449539,89.321451216403,83.45431018467393,82.89434140958677,83.39198264702873,88.45377861879132,82.37797661907052,83.35564243356248,83.27111625640138,84.73603106133162,85.9870062894245,80.61550604413799,83.52621277916477,86.81316272283141,87.14515082219181,83.22103022714036,81.35244299188895,85.49394176972963,87.05378214211174,88.97859075980435,84.88295877157626,86.98312455858972,84.28213116307532,83.32684916037074,84.86423966934184,84.74071848250168,82.01193262332781,80.20202366628602,84.19591606374455,85.62697858148906,82.02825251664312,82.02498131415143,83.73733554623972,83.05420355024943,82.1896762708591,86.80743875983943,80.12995506603572,81.5617046757783,86.22338035086243,88.55528360450826,82.32025819794731,86.09417650587397,82.39533862702655,80.38222994954612,81.84700520461617,85.61295559613491,83.77326007325607,84.21092434472637,85.04022314773479,83.76491901463666,83.25343281590476,82.5113096342122,80.67531782024237
81.21049236046825,84.51492687360752,80.86766765748129,88.37188714432224,89.34534785225287,83.1366419708917,85.33919488422912,81.36635178485331,80.54382005728505,85.75637067632334,89.91442148756711,81.82407468417027,84.90154093786195,89.95722243783987,86.43183676415417,84.41003960668998,85.83590516638513,83.82080436829125,86.5132646608055,83.7125530372161,81.71636124696462,83.69656725917832,87.41948547550176,80.6042569936173,89.73475223465424,89.18103455469105,89.588179907191,88.33723935003567,88.42286007077736,85.46027978773581,85.4018358873146,83.39689256051784,88.89759468350466,88.84841853501969,82.0825891767771,81.40491083041591,80.4873940229555,85.55535545108843,80.57226260342051,81.91948161585378,87.95183161730911,83.01168222608894,84.90154093786195,80.88441523536179,88.82845373268306,82.07750789997667,88.92227320773037,80.55257944681236,81.01563436352045,86.64064717946911,84.66617155466508,82.93709681184768,89.58944120443425,85.73074478064228,80.68910177721742,82.22510526646744,84.81915825759839,83.20072705618145,82.2704263771127,80.6196243736582,88.54209066656901,89.665050193446,86.21632081749902,87.30601841386604,85.17432574335808,81.52777631024871,89.42911915649144,82.87373384074067,82.70998693860538,86.89782648728259,85.24730635423676,80.29693118152042,85.97386999400686,89.95947782132606,88.54705127773586,84.74071848250168,81.0975831958861,81.2845876948096,88.01722404319408,80.97120515914548,88.70121630490243,87.20904388792658,88.3121349662296,87.39698482650408,84.99395772730989,89.07473646562936,87.06798859006139,84.2074825879857,87.52228084840606,87.00493788085025,89.88806329599238,87.52451271937078,87.42367492092976,82.74291959741416,87.28036143498076,87.43365988182825,82.77079028141766,86.1651402884826,85.3263741465373,88.33752678285903
83.42842914880872,85.53293184022985,83.83229233201193,88.16409892013436,89.74681503889931,83.27093358548458,80.57464408670543,82.09725665347725,80.32168250832467,80.68717527631098,82.40197255457493,84.07186141594761,85.5266671833483,89.02300658876226,81.38849285974788,88.73926713409665,83.30656125785072,89.75562906732303,85.99147934672675,80.44577993647627,82.45633462710354,84.38172552419121,81.5568843536745,81.48844280552433,87.45490243190329,87.72306334395492,81.39172028694257,83.42277994012865,87.70333380707146,89.49460049470456,81.26983366118854,88.81115758796261,84.90681232602988,88.35675807987046,85.85922881389939,86.63075357596921,81.69690935869153,81.46290082925272,85.27136732421204,86.2347370417336,85.0820276664736,88.3807019086598,85.06314383069967,82.28704487716477,86.64853525602351,89.61807638983578,86.97234789039467,82.56484456028329,84.37405101030289,80.42589533489407,81.76541124408732,87.95769603415864,81.75798722689042,88.50044153298613,80.48605173400011,85.90007501769898,84.4463079531768,86.82258631754141,88.52562250959274,89.04440060459329,84.38471945828485,82.78188519621871,82.55679141256225,84.78954857721477,88.13168444974391,87.81070081632349,85.50660909532205,80.47118595570366,89.86638620969475,80.20007020054524,85.67606986107062,85.33609626377475,89.90154739138593,81.58274928425162,81.21757692200407,87.54156514181915,85.85113065218802,88.99054229662383,87.39787867855455,87.57047160951097,83.65064848797262,89.66903256487755,81.48362814672565,81.69839518391237,84.72002147238271,87.4212767170776,87.67904840940798,84.64468019418561,82.98799474088521,88.77794440166076,83.6016029688586,89.38475481857273,81.01563436352045,89.17263720333023,86.9433516642115,83.37542198722443,87.26237935828532,82.44719480581475,81.69694013380405,87.60464963874593
84.16345151205036,82.9106028062295,83.17215643747036,87.44406271977209,85.92345652854651,82.41276682846211,86.35837967446815,83.81719742172858,84.6056010935633,89.65936972387392,82.46309090272334,84.2074825879857,85.40007940232077,87.79678993712486,88.722427476466,81.2813039655827,81.05967814797214,83.13642035264286,82.13376661419731,82.01658211035051,82.26830466434657,86.70829334121125,81.88512236656251,80.93495482491609,85.94482230570578,82.3353322479844,83.22629139521044,80.36896083831398,85.90393662879839,88.99887078754284,80.24193283875086,89.11841990626246,82.9420473982632,82.45341613017412,80.8223078752296,87.8944995043056,84.69784322775217,85.47337135417645,82.95970128976789,87.50667937397088,81.25196200434236,84.13314323003308,82.1315251656736,83.17067416339032,88.60793307973208,85.68138068386621,85.6233747514755,82.76876480634799,82.22516941606679,85.28095381762103,83.90242159787665,89.38324278396368,83.33882296297789,83.13325183232142,89.74148774373349,88.16370184151111,83.09873152152566,89.64543991996197,82.26830466434657,87.32358946190955,80.38587020321117,89.39443419837616,83.5030528506392,83.76192415021664,80.25380991829562,89.65199379637153,84.00939290775486,85.34982415212657,89.34838064923787,83.64680591526262,89.2642294358926,85.6106007198331,88.85885814923151,83.28461850082753,82.0825891767771,80.58075702793552,83.8629580376304,83.75286182744993,81.47033595310322,88.27337073911434,84.48705061114299,84.94106942351276,89.91798323819457,89.80902744089897,87.38139553007554,89.16305585664776,82.49234721795429,87.02925646979611,89.17905142921825,81.06010642864268,85.66381830075355,88.21598113803928,84.3703064668049,84.30968638214412,81.41028936443074,80.88502894087237,85.97145652625079,87.26689250617667,86.55416729802117,80.08648441185247
81.64830845234755,83.89618110247896,81.48508711061223,89.96927318086784,85.67394956626963,86.50770061423412,84.41671504258997,89.89043493722309,87.73516974897288,85.09376767624109,87.03006534130563,81.76036466896304,81.32066314583014,89.52319478732878,83.30644913932477,85.66897281188096,84.43183804004191,87.44755860612894,84.2329006593939,85.62947693226081,87.51678482898072,83.18998663199929,87.08470884083445,87.07038430957454,89.06333272909217,81.94721799519878,87.03091832964354,83.89963439499154,89.64052027445013,86.25300052991604,88.21610178888686,80.1974918254647,89.47137611283551,88.19918675323602,89.04015216300519,89.85836325139978,81.50768277995843,80.64961394944437,86.27291815966542,81.51131647197909,87.78087366405263,86.34187884284104,89.59336878361111,82.68756381849249,81.51516117871843,87.14115694695361,82.8840752806052,86.15697900068365,83.94747869832608,87.22434406233735,83.20342823970114,81.67898616810946,87.41098427512557,82.93038413377,85.85015214075393,88.64582343635313,85.04397969599466,85.96309984593603,85.22124013304528,83.80863199970604,87.67684864415871,89.93883309165801,83.11807411075279,87.4655175147308,87.6121343864261,87.0729093180361,84.93203422683249,88.71613168205346,82.24283823657683,86.93876758263524,80.55463899853493,84.38681461016859,89.30954671333868,83.4911789937895,83.81770430508425,83.46032092288503,89.86638620969475,87.39551967730196,87.55970740849585,80.16069906973259,86.2473633391231,83.48025208001698,89.2505186516169,83.27591515725207,81.65595108336151,80.94834164643177,87.00627169057331,88.16077909638011,82.38124964707805,84.04875547781225,81.93177333718324,89.89626638922843,81.88498542189083,80.67588527329077,87.37287012902466,89.2215565364886,81.18746812840826,82.53745254610325,86.04312895984175,82.25644929721412
80.8414154363367,80.76105819040441,87.46121182961231,81.26372572085849,87.03468714183246,80.81188327645212,83.08754972198031,87.92930773536723,89.27694156661295,83.08363819969807,85.90393662879839,80.3323013983465,86.15234099536744,81.11691758776276,84.11973835069847,85.22896799250925,81.50906287349723,89.96401888642994,80.42031908372726,82.87014408866222,81.75798722689042,82.25925433975227,83.96007131092756,81.992673767237,89.14265470720426,85.71166714599568,83.19553390768819,80.80742570671156,85.16935608912635,84.45001808211246,84.46740568989856,84.09325468015513,89.7228283267533,80.37428671954771,87.41054954679878,89.06573250856408,83.49380759429823,82.19579421878737,85.80233333590843,85.8925384110869,82.2691001933115,85.85036262085127,84.2944310229553,86.72265296842384,82.3292079068708,85.85118415455037,88.82457985081092,84.71702433455495,81.00807775870331,86.75800818950263,88.36153466042208,87.1442906784944,80.12307032004128,87.03073669251685,89.47630781980314,88.38069523658142,86.49692340824863,89.2500529000721,84.77253398355934,80.27926048906362,82.3979368963573,87.24703320678651,84.19512828806016,84.79950814436516,86.3135644643817,80.87187998534242,87.4212767170776,80.98338812607224,81.23582717063286,83.30628791304302,88.54705127773586,85.92345652854651,80.86078947446637,86.44195962641948,89.17663764278728,88.43231454365907,81.41028936443074,80.15899869552739,87.08470884083445,82.66137219161328,87.64349316092469,84.61179250953923,81.99072114834622,81.7878188997298,81.70651163359594,81.32673508639337,84.70495798959168,82.36542564438639,81.1745900382727,89.46932323738474,80.11322418560435,84.12464020861215,81.28167363696086,82.64590640392112,83.13325183232142,85.92347342846644,87.98357973800061,82.14101099206519,85.97158627922862,83.27310459252801
84.52200304477672,87.6507611923383,88.819449124596,82.97217660723433,82.7997774029248,88.31339038641005,81.07856966355767,82.35403310362987,81.95534616045396,86.18659118839324,89.67395594122775,82.27486525055878,85.15856730301176,84.57438917561139,89.03863879008115,81.5860614661459,82.84721369718011,80.8421364616809,84.09846319918412,89.76166985194102,81.8167049198947,80.04255119841176,80.44577993647627,86.78679099860287,81.79254117849257,83.95698586463674,84.34018533839938,83.58190878041103,80.65475716460001,81.35179963119286,84.41243776448158,81.23913399476847,81.73875845499938,83.77460524333905,89.8078640773452,80.66274994103331,82.99035174444437,83.1762509273561,85.28555075014629,82.331702323983,80.33689128778336,83.57879326754977,83.73690612171549,84.40274844205516,89.44674834171178,89.0141594606289,84.69171612191762,82.05872626683718,86.18094536448363,83.29860844174777,88.50705272874818,88.15750046712975,89.04015216300519,87.69459526097786,87.24625839496846,88.31048695588677,87.246159020494,85.58160104346544,80.76489991076424,83.10223044189783,86.34529527758419,88.64472879517248,84.76037857020853,88.43418833085728,86.78818045819324,89.56735249327731,88.02199170894637,85.38686064665056,88.52532842871881,83.7799550304223,86.23092532332684,84.95370855632342,89.42139598081965,81.92774041460845,81.24331112911686,88.10121237736541,86.79599536071946,85.89418778936479,80.30386702621557,80.7781020316194,80.7083903300005,83.87105709331719,82.9099613686853,84.70495798959168,87.04759066506115,86.29545662146933,85.1795985610743,84.19591606374455,80.01864520091827,83.62561644989651,89.27455521357939,83.10398798131749,81.03849200259909,83.34576758640424,88.82826682672014,87.61080558447544,86.44383287304926,83.59252436172459,88.62355479594086,88.58684730402393
81.50810983664343,89.59416673035508,81.59208069344207,82.5807052533258,87.60208514855071,86.5998461388454,80.47227844886145,80.01585663140747,85.8751583393787,80.36299039044167,88.59775347002312,85.42983267468627,87.98259791010337,84.84211207237924,84.08628609131961,86.75872162622883,85.894428149487,87.90524884917104,85.60022687701198,82.80738186176652,89.90929988861419,85.73448050401589,85.28555075014629,88.70329244981022,87.51662369795531,82.72640701821192,87.96551736810773,83.25343281590476,89.31967686030178,80.61223046825702,83.79406141480581,80.03875039372498,83.186734479057,80.3937006106483,82.12540206622838,83.89963439499154,89.8078640773452,87.50667937397088,88.3654548943869,81.05449536214479,84.48672838963554,83.25652939238827,89.57292277649186,83.82418151315666,82.15410807374302,81.60662784785428,87.11925198027818,87.75464201090928,88.37678210761511,83.20483636098395,89.40770458479895,89.42139598081965,81.82319552644286,83.31337235293238,81.52659983701182,81.43718452522049,85.79836296875743,89.082850313296,89.15920046715884,83.17388330995568,83.47790611661584,86.7998382103401,80.50126447201059,87.54437984350706,88.02508436237898,84.03883509190706,87.30487527141864,84.45210283860759,81.90450007212851,89.0937996349977,81.89631209737492,84.68695798306788,86.71125351360294,84.62196278071838,88.86098887487485,89.73076838630247,85.42298181785219,81.97742773150951,80.58925033660745,85.36997714264389,85.59557376782229,88.92193273723275,86.71125351360294,85.3258973627678,88.16525649561913,84.38969904913527,80.93608154235811,85.21899693049757,82.36875779880185,88.01507974650318,82.6748688104843,84.76606152887948,87.40425740150394,84.64429571551447,80.06755545264211,85.4401732099248,88.96615171348411,88.71465697862705,83.08824203801998,80.73939392357599
82.81394637334412,82.80738186176652,84.18185150917508,89.52192105314316,82.3548397071819,81.500699822476,80.08879906858206,82.82975002218296,87.57218340959352,84.5072848058302,84.57988861249557,88.6257490881582,84.76037857020853,85.92338851520547,83.74683742092404,87.09612494733125,88.78630856404429,86.14520760917505,87.18275663777295,81.18746812840826,87.99734190150114,83.06186757344062,83.79949851067563,85.2275554141191,87.5396877060443,87.00584451224294,88.48860811097178,81.08037724284335,84.62539024399666,86.28583318682794,81.49255046929403,85.89814920246727,88.72664526308864,86.48189371383593,83.96970481594956,84.15454351751686,82.32245145103035,80.21320122274415,84.81289101245714,89.46223607561127,87.24707659246633,81.05967814797214,84.52963078773632,86.43696481650065,84.83549772950929,83.50886376107543,85.89474378633477,85.72740189976976,84.51329488791319,87.15168916667878,89.86329660770035,88.18438208533846,80.53576324398836,87.9379169262564,83.46296409203626,81.01984260540314,82.95986954450737,81.86925801146451,88.4479907347924,84.22032695450167,89.73475223465424,83.47321332642548,81.48890006664894,86.51674873854786,83.1741046237236,88.62387978270469,86.05305791316728,84.3858667006874,87.40461875777979,81.45121452385517,86.10238221983566,89.7187809686049,85.43374271375127,85.01033498452787,82.07638455025811,84.33154175386161,80.77122342586455,87.8867462077761,80.71035117862122,82.69346843477393,89.53259303127919,89.598194846438,87.61465201126344,86.69414225500074,80.23902832659618,85.32925210841232,86.50770061423412,85.48907191824014,84.29899842677881,86.8481849475012,83.1907758611074,83.06186757344062,81.83550572321938,87.51734323323245,81.44822744136816,89.47032574319792,80.9842411746979,83.22629139521044,84.4463079531768,87.39458405656862
84.0076008147116,85.89815870908731,87.19229939221829,89.85810748369602,80.4579593967709,85.66002628423267,81.7752306348856,85.75443952308555,88.12627144059738,87.14115694695361,81.33527301907398,86.56768586738819,83.93114865579406,88.15938418487632,87.24541614473593,81.85384621991561,89.99437810586416,84.6053286281016,88.04736887274092,82.49615285742635,83.01061051099367,87.8711299936905,86.95508422673605,85.9639021245472,83.68043870332687,89.48112266309703,87.80138254335941,89.47675350270671,84.55231692985652,87.16770623055959,88.99054229662383,82.25622632516223,82.21456205195122,80.78097997912688,84.51791245807073,87.69351197357582,89.60680119865475,86.09868914900522,81.3083836670403,87.94312274258172,87.01462548708734,80.59151767292332,84.32201898287185,88.25335492496099,83.25343281590476,80.93396830870765,89.29281768689725,84.40844253838189,86.05263758161938,87.72298207873756,87.94152894868571,83.83098743891198,84.84020003587293,83.18372027518926,89.56308181016989,83.62253429699847,86.31916387718415,81.73530042911152,86.59868717568618,88.65393240902088,86.8884426122877,88.45332239125104,82.6748688104843,89.81058835655526,89.18103455469105,83.32423681222662,85.80670012488682,84.664391620727,83.14786599886247,87.59186100702604,83.3149729247975,89.66903256487755,88.73280420168214,88.9405463793441,87.20904388792658,84.20355287503271,85.60761603256424,87.58346837885259,83.62918008875947,80.42031908372726,85.66714030575274,82.99735590414751,88.68430551911828,87.5898185132771,86.32903398585069,88.37520189292393,86.54372781674184,86.62119781766516,83.71455437774418,86.82688390251487,83.24005279188795,89.67927995830459,88.97006691368355,83.7854721469149,80.9189208811133,86.3135644643817,82.53120985732976,86.29545662146933,80.75561682422364,89.15504232819963
81.30847936426451,89.31079163809002,85.18696319263921,82.56248150887367,87.5136730942694,82.81929961367528,87.14968218875906,85.68034053980575,81.29309107089634,80.23498980649083,80.37796374259463,81.39172028694257,87.28063134706215,81.72008889835566,88.18074790851114,82.3908733743453,88.32295530475585,82.63930583680599,86.22451859106783,86.88176586846488,86.05234947644414,82.30405396713988,83.20342823970114,81.10307607676191,84.55234215631752,88.01166496750544,88.98985190350457,87.05097590208072,85.93227847296495,80.4974749036404,86.46346211513892,82.78491294504185,84.80749117258571,82.77738909660748,83.24262242643417,84.5488457063342,88.78450906719866,83.17950220433016,86.82688390251487,83.45946991553788,86.49052480150124,83.82040446102945,87.52927211304625,89.45754691697613,85.57822548448867,82.47428836045182,82.32401729351778,83.34928853569406,83.2018401667306,83.30644913932477,82.40007344812591,88.26553550154453,89.9388702550063,81.53872906187158,87.99937845345922,84.74519426597979,80.61590240538028,81.99351290013004,82.01113874513942,89.99437810586416,85.41191289292,80.29482472698612,85.36805659755947,80.36881348679155,84.3553749564033,89.52023184036508,88.04725670486482,87.26351140550466,89.30336095060771,82.23222039103666,88.8090415198761,87.54156514181915,83.90242159787665,87.09612494733125,83.17388330995568,82.23186449209035,81.45802777345429,86.71125351360294,81.69182197268007,80.17418075801235,86.91221746811603,80.32935674506271,81.15294387417578,87.1729026201195,80.89476342799816,88.05366575315071,80.2854399661501,87.31428215278127,87.53929950193424,88.04156901916762,88.22356242196392,88.91575515857258,80.48115936962624,83.63520073163149,86.8022570860527,87.73516974897288,85.66468329575413,84.47105020926001,82.83032978465204,80.27926048906362
83.55201976750551,80.32168250832467,80.2563794915974,89.52023184036508,86.37063254612887,85.77886448735812,85.84258226393568,80.68970093326436,89.30300657803527,84.52200304477672,85.33184756120939,89.58944120443425,88.36382798759189,87.0839887112781,83.41250237316022,86.1613984733974,81.43939184483617,88.56963699764579,86.51519650110647,84.84005654642405,84.8371489937615,81.24779335633079,89.15927784739918,81.42682628381266,88.28702202443348,82.6872401462033,86.63075357596921,80.6579544717747,80.17868109454767,86.65695924304205,89.24214481335828,84.0110520327405,86.32271739251561,83.90319805633935,83.9332292048463,86.70045086962382,81.65728028379878,88.3609975800361,89.18131115798631,86.12840534850402,81.92774041460845,89.18131115798631,85.59557376782229,81.26171899935258,83.52621277916477,84.11973835069847,83.71377506831016,87.03234932859719,80.35457174884417,88.03818898627546,84.39760146269316,84.24425158128429,89.7441165323171,89.6691223131448,88.77215997505971,84.8055934816864,84.60306957409858,80.75561682422364,86.0665125457727,85.0917169921363,81.2183072873168,83.69656725917832,84.81500768460099,87.20904388792658,81.8139590551289,84.73859810290614,84.14706562625595,87.04703435837344,80.16251550418895,80.7763409057927,86.59576456825154,81.59208069344207,87.50538288115068,84.04408894766188,82.26424966502765,83.40983457515922,80.25559297408135,88.01859776717941,86.69414225500074,82.88550566537596,83.09836021492069,80.6852954349566,88.31456045459429,89.67094846240056,85.91230785853091,82.915966557394,81.454080548419,84.20883474336065,88.71368870975883,88.10990683269672,88.46823942769304,81.38503343652707,86.22451859106783,85.59243289833086,81.3006641859662,87.3522231003898,87.62644268040482,89.64441001431489,81.74423451430935,85.16548834102711
80.92503795463155,80.9484215054504,81.71513095023296,83.79675341374593,81.49255046929403,86.61489265345729,88.49294047760516,87.13002582515645,82.6268829537785,88.64946559010106,84.13314323003308,84.1070907843763,89.02062394313201,84.9303817290414,89.15566434236479,80.5437833887547,84.54656149827846,80.04548538472592,88.94338721244253,85.52921398971436,86.71781879206856,89.04020700152233,81.57095347606906,84.75853387670438,81.44716475849282,83.8629580376304,87.25988788378318,81.36043702909912,84.8315968311258,82.58776543656994,84.27459721515588,84.99406808209712,89.40222047663305,87.25377091955271,84.90154093786195,89.83987981613906,82.64995019086483,85.68034053980575,86.02334585448149,81.2268631673478,88.67892883582292,87.29882579646079,87.45549412338552,87.02585446583485,85.78962859315574,81.69216651572859,84.62747866526658,81.7558805853587,86.44361220228261,82.9628746338471,87.78864723061969,80.53164422432505,86.66443386470814,85.63315051304876,82.02825251664312,85.98054474809649,89.51365068874651,85.26401520445947,84.19423829766241,89.21456507063064,86.97303499671538,83.84528065083589,80.57392750153643,86.21354794492983,87.09218105821529,82.20254271881316,84.61245617061996,85.4401732099248,82.88252212116939,85.38124743266977,80.62936725972317,86.1631964933676,81.03735223814945,84.60306957409858,83.7799550304223,84.11255165517402,83.00769763493835,87.05110288097539,86.51379286555981,86.9673464908227,87.81837277952278,87.04973454557816,88.1141464314252,84.5414779335257,86.10497837799042,82.68779160712202,83.7561245559561,83.90939111370875,85.05561739466299,82.55616048601195,85.92612890755161,87.68900226859672,80.57902627495245,82.64643770830757,86.2147764689881,80.75561682422364,80.46983737795229,88.88780199551587,84.99723231324685,80.3579893338603
88.8397467429946,89.20456820543468,88.12785374623465,81.48202787764313,82.88567283756782,81.809876376072,80.04780427074726,88.0194213547727,80.16003897389535,89.082850313296,89.9388702550063,89.17433887034586,88.17193849439545,87.52927211304625,83.7220896519039,80.3494029161859,86.62525881629749,86.49673962822233,82.35754980579642,89.43822798963124,85.7368674398734,84.65593254892376,86.24677271485385,82.96537052303677,87.4221118426568,87.89822054555908,85.73448050401589,83.60929330209939,84.24541427070281,86.86075936289139,87.83222210505357,85.58160104346544,85.07565573669537,88.01705415473059,80.78935234261255,85.41353565602093,82.97356394907544,82.4864531673935,89.30218850911326,85.09863584805282,87.37815448760217,83.62576593637877,88.41626463613196,88.94073663967995,83.64507930207333,82.69842201917714,85.07374924177489,87.59209458218143,81.09745930981286,87.38139553007554,87.24456036388882,82.83872443739776,83.82686318121382,80.21309033620489,83.00760578335516,84.46629500230337,82.01773386694869,81.71636124696462,88.28019570341812,87.18330792341227,87.18633236708496,84.32289371999177,89.57873254006572,85.96628561689387,88.38900624312708,85.06149018443494,85.92053722044933,85.92936334636961,81.93349376361267,86.39395217842561,88.32683402336711,88.52783643328013,87.33233237606085,83.65490555344388,84.16345151205036,87.50974022069991,84.34720510436817,82.47352921687914,87.90228408729416,89.74128946397023,84.33907994730623,82.4207716071484,89.91867009684458,88.12045680500762,86.96662887853992,82.08713726937123,83.87850881817997,83.97653875275333,82.28863513869533,85.26892101374654,84.1452886146328,87.7524427586907,81.16624327778366,89.5589364221348,89.87418566911106,83.42331683182887,80.3850745062434,80.85392297589159,80.07865076726218,89.70998716228127
84.76305676727314,81.845649638228,88.76644233004066,82.01232246245955,89.37636445878134,88.26780635564492,88.80772139882627,86.18094536448363,86.96088070403854,82.97987952684697,81.73815901970349,89.18734134641302,81.69694013380405,81.74830919634428,81.68546836718764,89.31975301358003,84.0486258006212,83.64984794954492,80.34407932342278,87.15168916667878,89.43095016950222,89.23992184902177,84.15331779997659,85.34313479595006,89.81701462162263,88.40571675556684,88.72245960840036,80.9376711058891,80.71035117862122,85.60848775855844,86.6792197314748,88.51804829556907,86.91056772061025,89.2389132769778,86.7629618188033,87.90862952265704,84.14316819741126,87.1826797312418,88.07745000322133,81.18714650422984,81.38895258146003,81.1051415902571,83.97660449964742,86.99724011945767,88.13215692066521,88.82710517820475,83.88288853362768,88.3807019086598,84.5928192794884,89.83260317394216,89.98047253895774,81.80135337057877,85.7953031554768,89.61807638983578,83.15890397249244,87.96648057716689,81.2845876948096,82.62044751019879,85.21111309509895,86.91946190090455,84.12484301101493,89.5894026798724,86.0164107621687,87.90127416357346,87.86802416854582,86.53316850989722,83.1366419708917,86.3797124909407,80.2589053724598,80.23498980649083,89.20456820543468,88.62522151703418,84.76349787922653,80.23694049738394,81.54255460880077,88.1947253356146,81.90714354108088,88.84999559885479,82.55679141256225,86.933611238472,86.61289161742431,84.40195444906442,81.35293703111206,81.43718452522049,81.5215593550841,89.872978217855,85.90550674548307,80.60342236514592,86.04587366053282,86.81377530776714,88.59374662985454,80.67531782024237,86.56938482635944,84.73603106133162,83.0709246345145,82.82975002218296,88.20203457020949,82.64479582876417,87.41054954679878,80.21557279343976
87.31059358687698,86.64200839050413,87.83034543030237,88.76896739608001,80.77122342586455,87.62874173983589,85.61018348895554,89.08918843801878,89.03863044254928,83.36025376766956,80.61045653912501,88.00382444245241,82.27945774972676,85.64453858809267,89.05145481577019,82.7095096286812,87.45963075797741,83.71909669180782,81.42720473753923,89.21456507063064,85.09338000761468,83.6042036894314,87.17421731969156,80.36869602593829,87.87441818818832,83.31401180760778,82.65939028181995,87.58726045289536,87.52301795634264,86.02939110599696,88.61412491687216,80.52721432608533,82.58776543656994,81.12392154733028,87.57419279053191,85.17432574335808,89.23389996456169,83.03210209970366,85.21208572175841,84.68443839548671,89.30300657803527,82.59782449529953,84.71702433455495,88.56023928751507,81.2322898224855,88.63322054320855,80.74947275772001,88.5004995357194,85.65648914850645,89.17222562037371,80.33796447038779,84.84954578416745,88.47463626331722,81.55151076035557,81.08597379355318,82.38263781278029,86.09054221711037,84.80793105041987,82.38376030960865,89.35260355019946,84.66071290358545,83.0316018318649,86.27589306530017,83.79178055181738,84.73496369264126,89.70544753407003,83.12973571919349,82.07638455025811,84.26065756149474,81.52365916541781,89.721948366285,86.40318996760969,85.82727079447905,84.1452886146328,87.41739244744137,81.4026280301953,85.90393662879839,85.2326465326816,83.358970356007,89.47032574319792,85.6150380117758,81.13729702471238,89.03789825669726,86.21632081749902,89.20526331630532,88.996242574448,87.11445684494598,89.72164614527676,89.91636145073137,80.93597334954944,89.55604825397633,88.23043318392442,83.71060747968423,87.23785364884117,88.41889253270173,89.30277118072092,87.78186997614695,83.98322311811746,88.52569041846134,83.0265334606458
82.86404034227301,85.1683870970011,80.03776438432573,87.8770524585688,89.40421834809493,86.69978162796873,87.79269603981012,84.85228706944703,86.61289161742431,84.9836277797396,87.19274317962628,89.37857724974782,87.12499017723361,80.7781020316194,83.87582311188592,81.43536536632911,85.94737351104737,83.20483636098395,84.76406954968063,85.60989596342301,84.89193478003742,88.23804284904091,81.57838709559,81.03373887564746,83.08754972198031,88.64773789032115,87.99930876240184,81.7542537522311,83.63294895531779,85.47893373890808,87.42367492092976,88.60395518503827,81.83550572321938,84.93475801832717,82.06756058258344,84.69845401187783,86.63707306719606,84.89273180039274,89.70716413026193,88.3654548943869,81.7219943565862,81.84936147558692,89.77718530104049,82.39241089742455,88.03655923824412,84.04875547781225,82.59782449529953,86.10357878770469,83.33173806317939,85.46664306547261,81.13442829825992,80.2810281809511,85.29256611751438,89.49302034576539,87.20416710986446,82.37504491146468,80.6580342976089,81.33238376141729,89.68092843827239,80.38059834310135,82.22510526646744,86.2347370417336,82.32230618605031,83.1875544229606,87.3568285558253,86.70798569056016,89.70998716228127,80.81505350833045,86.56768586738819,80.29693118152042,88.40515211140031,85.72925472649115,83.29667158695692,87.73704088231796,83.49852181409089,82.3752938622682,81.2961602723695,86.58510530130222,82.22273089547166,82.47595216900129,84.13314323003308,83.45225993026163,80.82235129463902,80.75513868581405,86.31630315480554,88.36382798759189,81.5617046757783,87.08204255880725,80.56260046633713,84.54088093512284,80.56582585638593,84.86423966934184,87.19969372936434,88.95907015274588,85.66714030575274,85.89567179665944,86.24677271485385,87.31962407281252,80.36590948987691,86.12575393164087
85.90393662879839,84.13993875233717,86.90126370346759,87.1636037283253,83.06926255550816,87.78539625812627,86.61084030173149,89.588179907191,81.68370804554121,82.41192508201281,84.29331005949092,80.51747450964716,80.71840368438302,88.009139576531,86.58575167211767,80.53576324398836,89.85004372456883,83.92256076142493,86.57192372785364,80.17103932855194,85.49229419161013,82.48496065553006,89.90896455110304,89.08162547571025,86.43696481650065,81.29189825266754,80.48245257432376,89.17905142921825,87.50792189051018,83.58087862229924,88.95348022807748,84.38681461016859,88.24897677526707,88.43554969223023,89.34157548464597,87.64979378705705,84.62569533611509,85.47044978769331,84.31993530776933,84.6823110753256,81.31949866038535,86.59467529023121,89.76087720024951,85.37661679699508,85.70212125818314,88.40163843191459,86.11774300532213,88.86913800262131,83.84198915619228,83.40096670436958,84.17002869238988,88.00674118566023,81.65374666807375,83.1524495018815,87.19274317962628,83.6405236050944,84.98931718380672,89.92974421123981,82.42810162388398,82.1085557528571,86.8610073501933,83.45335912589253,88.26073188895082,87.30552374926516,88.62609755433552,82.07056864846083,85.83937720012223,85.96628561689387,88.47463626331722,86.67203763575824,85.28635017425226,88.33255269049356,81.1524158142964,84.07565759434108,86.92451398442098,84.5941083490167,86.98312455858972,87.03478948697978,85.56568107686535,80.25380991829562,81.2084501730555,83.42796145443545,87.22783711877909,86.96088070403854,87.07038430957454,88.37503871904956,84.6632361667177,86.94021243865195,80.266223245445,80.28776192132376,83.27310459252801,81.25411068747923,84.99406808209712,86.09868914900522,82.23540657089048,82.03632954665025,89.2681083309862,85.05911697301019,87.98458921158546,83.47721738229664
85.33618524987182,85.07565573669537,83.10223044189783,83.90378899143487,83.30990510648289,82.4735748414225,88.19331288009803,84.3376146566407,81.5215593550841,89.99572525281165,82.5204309704076,85.25673176144167,85.37954592876115,81.35918428136436,84.38692843552494,88.50057428337558,87.42272912233202,84.31533656218042,83.33173806317939,85.3457377396839,83.29887088968258,85.68734630417349,86.92609521629653,86.45654579435907,87.71982302143734,83.67918192176617,89.236081134031,88.3192682730062,82.44713231539501,84.18231848711152,84.29690620691576,81.72606891879232,82.06398324025604,83.73733554623972,84.33547753566144,82.2610989476541,86.37063254612887,81.25254237897425,82.19972955183844,82.16628997566828,82.98150450728636,81.43718452522049,87.55287929313609,85.05577505428788,87.50556157959869,88.24527335757841,87.08470884083445,88.95236285564465,87.85183161290227,80.63267453530355,83.97377198283363,88.6940616611898,83.8782799398502,87.56236089084602,80.14913418448523,81.41028936443074,85.82727079447905,83.84083257801203,89.43895481498856,86.1631964933676,87.48167982297663,89.80622823499768,83.78943247592183,86.81377530776714,87.1442906784944,84.53503725499371,89.73924638984772,84.84211207237924,80.59687007941847,85.44298123063311,88.87131001434264,88.55957722222402,81.07027213882907,88.52532842871881,88.9919415035972,80.50723814898892,87.95185682038462,89.44078878192322,86.48895083496592,80.53522104360177,87.46121182961231,88.55957543614028,82.25481008303278,86.48295827562653,80.71781939323414,84.664391620727,80.55257944681236,80.63018162457946,87.72298207873756,88.37839785322593,80.73971254366305,89.89937190964069,82.4064795268287,88.2918980714567,87.23061952170144,80.48758268883444,82.76612034413087,83.85059436945009,80.08126964758455,82.97987952684697
86.6954032497288,88.55128815121694,88.81683975582533,87.8711299936905,87.28304757828002,84.53421850566963,80.5838789463385,83.08824203801998,81.24768076144898,88.10990683269672,89.86740608808537,88.05692518382259,89.56300690317437,85.55535545108843,86.34535006149798,88.65386641786371,84.57320201753382,88.9629614442246,87.62390686880909,82.39596478448986,80.81406314755992,88.57555135310821,80.97639852675253,83.61460262867236,84.92058275666852,84.54789564547454,80.47071682679623,84.76915738197566,89.07582813680395,83.16191311343044,89.33472848586005,83.10223044189783,87.46431170830837,81.13639183348317,81.90759491343208,80.16759901038162,88.55499180038426,88.22182186999292,84.42349744133897,83.82040446102945,88.87559966614799,82.08498927993507,84.45210283860759,85.09887616605563,85.22124013304528,83.04524420031233,81.87091056744717,82.31931966059585,84.37653264960377,89.72164614527676,84.61929761800108,85.37072989539047,85.64920607638062,83.33571310074876,87.64295442064147,87.74621888900708,82.89352515380932,84.51654771752595,86.1107150271079,88.59412844214643,84.68695798306788,82.88710945313792,85.62373662753942,80.49889342350124,85.15470346405351,86.42867010631053,83.31776276084827,81.13423731949328,88.60793307973208,87.71709903075329,83.5263332898944,86.63248517708496,85.29403273796707,89.69274369549714,86.81449168317393,81.54896048939568,85.07501322449174,80.06143681682302,86.42551667692564,80.01712207950405,84.93647519179008,82.22753575742348,86.65594704236624,84.86362538390631,80.45796392916755,88.43423466879763,80.89041811168568,82.77668299330811,82.75950594058206,84.45851494534165,87.57218340959352,89.32805030122474,88.7915892818998,82.03185400300717,88.47776430974565,89.64052027445013,88.89203929487465,81.09745930981286,89.13571541637175,87.18502227794707
86.72205216921198,89.51842255522709,84.66240975719903,89.5057111688866,83.0265334606458,82.33486460151593,86.43509121024339,88.31955226429162,82.84910297359168,87.26237935828532,82.24010728579977,89.8789105737313,85.01089851916186,89.96511527170645,89.1106025261481,88.33862463635863,85.29119790506046,82.34002433799138,85.07016215335834,85.05093397212778,82.92107906379597,83.25652939238827,82.01113874513942,80.10056636927287,82.72582121522333,81.75519556302987,87.41054954679878,87.68721372433882,84.48705061114299,81.60652332548513,88.46294096281527,84.87696582130849,84.04218129295124,87.02051472543795,86.49673962822233,87.76824264831546,84.19286902395899,89.05920553907839,89.20227738035312,82.75429295183889,83.53665419043729,82.17346142151543,87.63365549823124,81.75283173879106,89.85810748369602,87.49223232848811,80.98501327842473,81.06010642864268,86.35210958282575,88.5692999763263,86.12840534850402,81.86733157011831,84.10912937723526,83.6405236050944,84.58506579677328,88.8823231735095,84.42349744133897,87.61993850269936,83.80949479883631,89.28083137922822,88.25966555870185,89.16602610985373,81.18340884845968,89.72790999721747,89.41632768425312,88.58605152849816,86.83113689602885,80.3494029161859,81.87561270895841,85.19061956587689,83.96000448419903,89.89937190964069,83.64792010902195,84.94419016767066,87.40485161170803,88.54209066656901,86.15626678221372,85.33003553726726,85.17457827012188,81.30084562354536,88.95236285564465,86.71728649378966,86.22673489856143,84.84772344115252,84.51625833356047,84.17269760293834,87.99941202586561,80.29380403045971,89.2389132769778,87.23754850878093,85.81064001418525,84.53005598770133,81.33371941138913,88.11063549337553,88.08619679887309,88.90049829398833,83.5310848369842,82.53745254610325,84.85228706944703,89.39697437216077
88.29547029359864,81.62734155166491,83.04997336046794,84.58473611721965,83.5592786368652,85.58611112557243,80.51054889937554,81.4450704664607,88.49052139084297,85.76662825078395,88.21669309572763,80.11621801807432,83.08794667467728,83.8394408262597,87.72842252493919,86.39530170801937,83.87105709331719,84.5629634811335,80.30392529005493,86.71362526677801,88.71703187586391,85.16548834102711,80.97832450476551,87.8041935460967,85.16730941344285,82.5994107379029,86.91685988746178,88.3370633050678,85.8051365119765,85.00078644365685,87.97248290740359,88.9342923898873,87.67498954959017,80.79145146370945,83.58922753990524,89.38893272844737,81.82407468417027,86.84252472422838,88.3370633050678,84.19591606374455,87.28033697755473,89.769007540693,86.95899019095022,86.14572566546845,82.00837202507125,88.44177573010577,86.37434038748987,86.17485681645682,80.85358195352138,87.72930542176759,86.14993091769173,81.09745930981286,89.50403370790688,89.66795718596306,89.08419322394893,85.62626532781954,83.56842068191972,83.38428273173783,88.82892958132967,85.8925384110869,85.52135208159014,82.26424966502765,81.55270708084934,81.76036466896304,80.81622162446293,84.68497812527771,88.72808111310725,83.5375922982365,85.8710094152169,88.06608201803647,84.07008672815634,87.36762304787155,87.62910078079204,84.69845401187783,83.45467268888198,81.79515007178627,84.18806889041832,88.51621497598872,89.73274196966824,82.5237857585155,86.54112178315928,87.82651301500175,88.56174688345138,84.22829119060816,89.05349208104153,80.96084032282317,83.22196919360111,80.8421364616809,80.96947009686549,80.55319829311226,84.52200304477672,82.80800277016043,82.32401729351778,88.2918980714567,85.39630856717862,84.83076964156712,85.3617748451513,86.03131649759264,81.18402441074818,85.55354730542301
85.95751005441154,80.18246933783432,83.53989860798211,82.21394358323911,82.83872443739776,83.41250237316022,88.70538181433061,86.09749518876858,82.18213053592622,87.09907193472772,82.53120985732976,85.66429056777184,87.78836859167033,84.00430236874014,89.00926928110562,85.8204268563427,80.26890272075553,80.00093026730323,88.97859075980435,82.69842201917714,87.6267861184337,88.10388848361583,87.98458921158546,86.27589306530017,87.98259791010337,84.68108948423179,89.26179845823054,88.99573136090481,81.47970010579242,82.49457244136275,83.0849686614491,83.38428273173783,82.23540657089048,87.89479573612425,83.77363056047095,89.54180062117402,85.60407703938056,87.10539879161614,82.64433688024853,87.74064194905797,88.50983022042327,85.0233746403174,84.12695951979792,84.09025036072558,85.49907806965862,82.50567544877816,86.58505768931342,80.65122856442477,87.26985948609416,83.47721738229664,89.34534785225287,89.52232361699357,87.67498954959017,85.32398054577394,86.71045899105069,86.82037261523753,83.39925579220348,80.42414514065666,87.95678107498925,88.10121237736541,85.84965350083776,82.42431275829722,85.58972626240835,85.51600607938575,88.81677494003236,83.8821972398223,89.94303023803533,85.85118415455037,87.1947044810965,85.2082942274639,84.77694534791121,80.04255119841176,86.8154736331883,86.8755701062264,83.04524420031233,87.53919607079791,86.11180296200367,84.2944310229553,81.9657473417684,89.00289915967622,84.65263590388051,88.65015546401277,82.57281268387244,89.01810378992161,87.3522231003898,85.45488372038668,89.86329660770035,85.9870062894245,89.49299754490052,84.08377054288997,81.4845049033463,87.58107817626686,87.26884197579308,88.06722396792321,86.78818045819324,87.41934388657526,80.48245257432376,87.81418628958481,83.42003100704494,89.07473646562936
81.41773506548026,87.93713226397695,80.59151767292332,88.41282159971719,85.61840258243949,85.59243289833086,88.35359003271435,81.40013510469257,89.78521483196418,81.40419632225289,88.24527335757841,81.61349451757653,84.73631300324003,84.23016854075514,86.62699215641791,84.55234215631752,86.71125351360294,86.13753643103466,82.71597296836505,83.26042837126144,86.10571897182831,82.4982143845272,80.17526671377722,80.72671936384397,80.82116333116193,85.10657435165575,82.07303957675092,82.06047543260937,87.295849149018,83.15307518167873,82.23856422573097,85.38858279766953,85.26401520445947,89.26604854413522,88.7431594901456,82.72582121522333,87.89572925270174,85.10719974987639,89.70716413026193,86.36489021224037,86.52285207580752,80.94011768334938,83.60388602715489,81.42077161155164,83.8782799398502,80.75380282434752,87.02276916331438,89.17263720333023,84.23926129794185,80.39545461100526,80.99175726568365,82.50206551031806,88.62457218865303,89.69889553093319,80.06756616673955,86.52285207580752,86.31090533177353,84.0368625378164,87.94333191830295,80.17885105228527,84.48860780561819,80.30211097087228,80.53576324398836,89.56735249327731,84.5603161236394,84.71685640681646,85.33132801432711,84.71073863302688,88.66354697436392,82.03441524703324,80.7083903300005,82.50798268633962,87.91467818551752,81.26372572085849,82.89113607758699,89.26153129423642,80.70456728679854,89.01431795617091,86.98261959843175,89.67793485483129,87.25890767704412,85.43016354416541,86.73406808303382,82.3292079068708,81.48099683254488,85.4606505267187,80.65598452729604,80.93505434786857,80.82077172651233,84.44121440961304,89.21456507063064,88.54371015218956,80.6972023443589,86.62056718745988,80.07088137413817,88.80621781634211,85.59587348729403,82.71348627273522,88.00933944142639,88.4977256183853
85.46253761156433,85.63887127801821,84.81289101245714,83.17522923048126,87.89639324677451,81.13897467860554,88.6515284607865,89.83851649186104,80.2815717475399,82.25925433975227,81.95161858976681,89.30294094344646,89.85481356833893,82.78663111408136,85.68497453780104,87.81809813453002,85.3167417303037,83.78342243729404,82.8011766587103,81.97370321670957,84.3673955098845,81.44716475849282,89.10452135346806,83.42842914880872,84.44524144000313,83.84297093891551,81.15657587534936,85.25007388647555,80.80208700460688,88.96095632202773,81.91337934273255,89.80246324286654,82.9355135853144,82.80772798333786,85.94150123554425,82.52294408747818,88.0403975067799,88.29703105069542,80.62016686570884,83.29087945198046,80.59626385375677,86.11379339932195,83.92025933472473,81.43718452522049,81.94646433639615,89.80105827766636,89.21631595411303,84.32204144305585,89.57453472452485,89.87000474409581,83.18232290513275,81.60785127039844,82.79895192126676,82.97639651748267,83.89160420333815,80.43849739034812,80.43842358461438,87.60464963874593,80.31838335810353,84.95423304979626,88.45369759728143,80.85734997157977,83.13995073891988,86.59072635165535,85.58056483194895,88.58189007614206,83.37681116556712,82.23799031876291,82.53936650044447,87.53498950069498,85.17432574335808,86.40318996760969,87.52008100852096,84.26065756149474,84.57438917561139,84.87796510284612,82.13562296699,84.16129943205512,88.24930077183191,87.2121796377657,88.50057428337558,83.2018401667306,82.1085557528571,83.11969260113186,80.55257944681236,85.37661679699508,84.81915825759839,80.85745839945692,87.39589113226776,83.40685939238534,89.90570021828475,83.32074617866579,83.29079646453381,85.83762817464799,81.45782179593826,81.50093470253329,81.83612520265292,84.67037589847367,89.40009815405244,86.54372781674184
84.33576909181814,83.03210209970366,83.774526060626,85.54836621426541,83.70268248387039,85.75152579537202,89.27118282781377,85.80531884375193,80.41141620101573,80.20626167725642,88.52400692475231,85.18413658688027,85.51763377337183,87.95185682038462,84.18231848711152,89.46665406725369,80.79657481585055,88.10990683269672,89.19039785726903,84.36239372610245,85.67613878585811,89.8919743682724,81.36635178485331,87.67723384284196,89.28132380425549,81.11237631085636,89.85810748369602,81.2084501730555,80.03202565521455,84.3553749564033,82.61761235868609,88.88254149329491,85.94737351104737,89.32115530768385,81.29821762357788,87.77467832696811,80.12307032004128,83.33882296297789,87.25988788378318,82.46203802595821,89.73142262661577,84.19583270112258,82.96852735329477,84.33154175386161,81.80443297536098,85.21960796564605,82.02915124908736,81.9467015568549,88.49945623393138,86.45955798312968,88.38009186463862,84.98741289960142,81.05143131348436,83.81916960724473,80.95686870910842,86.61084030173149,84.6716313789831,87.5895157157303,84.90589612867213,84.09846319918412,83.13503677168372,86.06893681612044,80.92582523498984,80.58233105734955,88.3292371124167,89.28071547688567,83.99791779032512,88.98985190350457,81.99140593709504,89.28688299179862,85.09261831054312,86.65735725751964,87.64298185382815,82.66201010591638,80.57902627495245,83.97377198283363,88.20854770613214,89.46223607561127,84.13851033723891,83.00952545921135,86.70798569056016,83.17039387310454,83.90319805633935,86.17149703177704,86.1738414726923,88.64582343635313,82.3292079068708,84.75319855026267,80.18302990943242,83.18483935622642,80.08086208844013,83.28319862706564,80.94350692696202,89.46665406725369,83.27591515725207,87.99353042349196,81.99776833844568,87.37050888727732,88.48222905781722,87.99734190150114
82.21283236717282,86.93789278075656,88.83997727517288,82.65939028181995,86.2473633391231,85.09449967833268,85.01033498452787,80.3036593674875,88.09871349592376,84.86392815799813,85.9135361781109,82.76627091979583,84.32028129974199,89.91522062964145,80.63018162457946,89.43895481498856,87.23754850878093,88.31456045459429,88.69832414345741,88.52739673962097,82.80287521037113,86.61915482421723,81.82407468417027,83.06390930577844,80.34805487468375,86.55675352685309,80.14772718555444,88.9629614442246,83.02011864844191,81.14074718879019,85.32880126046751,81.07373546602847,86.04908392327839,85.32880126046751,80.03202565521455,87.6309958620534,86.27618808586607,81.73530042911152,89.57442970383023,86.35795572962884,88.77603350141669,80.05294638797287,81.76548664255905,82.9099613686853,86.4406609967956,89.54377389150362,87.1727988020084,82.08159939900976,81.63650240016455,82.56906564590335,88.93430035574694,80.00573337917226,80.5744345754104,84.20579228170138,85.95757031009903,84.41751336464384,85.72627453957384,85.01033498452787,84.79750879712452,83.38428273173783,85.01033498452787,85.30870051621027,80.27167290661565,88.65393240902088,80.25420104092096,87.58107817626686,89.24703922069135,82.50918371251646,84.8070792445308,83.55123709316274,89.19039785726903,84.31014942167846,88.25404697677331,87.24306228642106,89.90570021828475,80.59438067356794,86.72858336342615,86.49673962822233,88.05398182736839,80.8861507771404,89.50387683986288,81.14806417954776,85.00543994958302,83.22095773937306,87.78687463649112,80.9879684412809,83.96569558413073,80.06980119130452,81.15116420613552,83.87357466773621,83.59014791521425,88.24930077183191,81.2994396307346,89.28652760689211,87.6424868817867,88.13215692066521,82.06085419164425,82.59550380921009,82.40736010715267,88.43343028210327
84.1292369177649,81.76716390458323,89.46578378578494,84.77620834786796,85.35408163213876,85.33003553726726,87.18717127637906,86.91541922764246,80.18302990943242,82.30903750775114,83.77460524333905,87.45490243190329,87.76824264831546,86.75366637731608,85.85066872819532,88.41626463613196,86.73151130370368,88.92193273723275,88.18174255287981,88.03619886812713,86.6656965136618,89.83851649186104,89.14518445883829,88.28317146390728,87.83296190220341,86.01179122490126,85.98054474809649,87.03768573974529,84.74174600541122,84.78980634583955,80.57423027477759,85.23269003681827,87.34236624131727,83.27093358548458,82.3943528809251,84.95393718779417,81.60306196196393,87.73704088231796,84.42222219124014,84.05103002397185,81.01680148713152,87.92351136929814,86.24035683373607,89.1416587662994,80.82618972511241,82.63767096459092,88.38983509807429,86.72533158722284,82.6542520866025,87.12648228521206,82.98150450728636,87.86856150441574,85.32880126046751,85.79391885972566,89.83109825918933,81.7558805853587,84.18185150917508,88.3370633050678,83.58334088174212,88.15587060913109,85.78533656624202,88.67329152069189,83.91805435580348,88.64472879517248,80.07458807846085,82.16902444456176,89.86329660770035,88.77541018649525,88.57993787297674,88.91575515857258,82.99423825485724,81.08886449706338,87.0642632602375,89.18116753034987,86.95118929640701,87.03691245669137,82.62096821197318,85.97787655472551,80.20820367506869,84.64151952615616,81.02556589318195,80.08086208844013,84.70487968866293,87.02051472543795,81.48844280552433,88.52663250981503,86.70829334121125,89.62422429388413,86.01453688813764,89.71515024624806,80.79657481585055,84.32264632578455,81.47033595310322,86.9856885099326,80.79145146370945,85.38547097236388,84.68764690941926,85.28422020203057,85.27136732421204,84.0686142323648
83.21776273778396,86.89400771497134,84.03464809446363,89.54529540231856,80.76347496868775,89.61434082521004,81.32213179584753,85.32870032213064,87.96054704374609,89.17806716167485,80.03776438432573,85.88297291171075,85.0820276664736,82.37249503322201,82.56638942532594,82.39533862702655,86.86630865812974,80.66209150342847,89.96927318086784,83.30358276858263,80.0355724939962,81.91136305330488,82.59665676726728,88.60793307973208,85.1211078572274,84.53264783815008,80.27601770841089,82.70130133264526,86.7998382103401,84.2025305479196,83.63326990742317,80.0231297389403,89.53596704071559,84.31983505470896,81.79432729713379,89.49502879204637,82.08000056230894,84.77467318100165,81.64662878497639,87.68721372433882,87.51338009778726,85.45881503982396,88.5849068907109,81.5860614661459,84.90312575115996,83.98103692142767,81.5860614661459,86.81853726086493,84.44644030871035,86.11397976464474,86.74786894857847,87.11445684494598,83.01521694356622,86.53796341848333,89.30336095060771,88.1804695001949,84.1400085908094,86.22451859106783,88.83997727517288,89.7175003042074,89.4166618271921,89.68052950101492,84.45210283860759,80.61045254565818,86.03712843119847,88.54064172596298,89.75562906732303,88.01859776717941,88.67631253039158,87.8224699938847,85.04005162087252,84.46301293727731,80.57623451144148,85.68734630417349,87.95514240987487,89.54377389150362,81.48202787764313,85.23244357590694,85.36425010671199,80.55561177133931,87.21691752441579,87.95707539207373,86.7611232390237,88.92193273723275,82.99423825485724,83.46296409203626,86.21568160332586,81.53657676308512,81.01674739540609,80.89695838258866,83.82418151315666,84.08676432675963,81.3690013646537,88.89518506132511,81.81204655837858,83.99904541393411,81.5362243425788,84.45851494534165,89.83109825918933,87.1161035930719
89.58929520259615,87.24171188454827,83.72132604876192,88.31870343154868,89.80105827766636,85.86344057322695,87.83818048655976,81.5617563628488,81.43500679956901,89.08798268108,82.33663646842611,81.33189473770533,82.14101099206519,84.18185150917508,81.0052107371906,84.1164981184624,89.07111455859837,86.69414225500074,84.54548809486857,80.18500139111593,87.10328863735536,80.80253404985362,85.67147229963555,85.6199610862816,82.78389222158964,88.90607869694762,87.29200644793858,89.70087859015904,87.0642632602375,82.71952833564414,83.58516314982528,84.91083032038163,85.84505597455797,88.34590469348801,80.79770621292342,80.92503795463155,89.46932323738474,83.31958033384242,89.99358946117611,88.46240542413055,88.79400360621788,80.68910177721742,83.4549626377801,89.41338017425122,83.17950220433016,84.6715560745316,80.34671188415489,80.88548582131187,86.41936722811108,86.48281866762899,89.9839091124465,88.85885814923151,81.04237750065832,87.94352826836466,81.22242868352131,86.90990265162446,87.65648608276159,84.84005654642405,82.23222039103666,84.85345894315078,85.02352218681946,87.45412967767578,80.65545335874077,87.4994817890753,86.6873315947766,83.94913471977551,82.57281268387244,88.36382798759189,84.63005707739453,83.57191265855349,82.8361524832385,83.50944800614683,88.00562818662937,84.16505641246667,87.29763322015931,83.96203034618671,87.25377091955271,84.90589612867213,86.2169259348462,84.48705061114299,81.69198374625275,83.05822002733879,82.53702994125497,83.78826075685369,82.75429295183889,88.32545642323288,83.48316169374067,82.65310720773765,83.98128508411114,84.90303418624573,84.22728718094072,85.24998281654904,88.48721051326567,82.19070884784956,89.8391954488956,82.27103417204867,83.89618110247896,89.56735249327731,88.6257490881582,84.6765830708486
84.27997391356323,88.48736016682409,86.80920159834676,88.71703187586391,82.97987952684697,89.33269859351458,83.18372027518926,89.3025859829999,83.85108132193888,86.95493489264288,83.82682371298746,88.89759468350466,84.77055423669509,87.62361529808364,84.80715549907902,85.2103512189646,89.34096793868272,80.3791953987112,80.3411847432404,80.369863122658,88.56023928751507,86.10763443459284,86.6873315947766,83.84441738156852,88.82864650890195,87.10539879161614,80.31838335810353,88.4592885662644,85.78962859315574,81.15116420613552,81.52469499183783,82.22753575742348,82.01773386694869,89.72164614527676,88.2261171855674,86.40318996760969,81.14884421841424,86.51379286555981,87.30613480865672,82.78131512902769,80.29380403045971,83.66068554993653,84.69784322775217,86.38452617474942,83.06926255550816,83.04951514970345,84.13076223088363,85.64426204195924,86.10357878770469,82.86565548393249,80.08586543533832,83.87032125455002,83.58887049733248,87.14353558558183,86.79051969396761,83.34576758640424,85.2918099699871,82.69842201917714,89.32047039766663,81.96837727209062,86.37919948616528,83.20424616863886,80.62959319649867,81.08356885326135,85.2066911793805,86.52325027101826,81.0472627325761,86.11015234873324,85.55432778373662,85.62947693226081,80.35485573173804,88.63833968870455,81.67401968749205,86.8884426122877,86.768173441458,80.72926351145867,88.0378931470039,81.45025833191706,85.63015198262364,85.31864082999483,83.15223968185673,86.75872162622883,85.98054474809649,85.966123993448,86.52285207580752,81.13640299209374,89.588179907191,87.04030910362096,88.66279156795173,84.89171216214415,89.71125253010058,80.53164422432505,84.60674883429584,82.48334811708055,84.43587294476764,86.52170121067145,80.21191030231408,88.82457985081092,85.68195551965204,88.89179077951104
85.89376435864216,89.14265470720426,83.49156003925556,84.93852719333607,86.7505174451083,89.46578378578494,85.46770464305854,86.98312455858972,89.53617424369143,88.05398182736839,81.48099683254488,89.95722243783987,85.35360150205284,87.4585014704389,82.37070549531995,81.72739356981462,83.90939111370875,82.93822705021837,88.77024190080078,86.4586031661324,85.34195353380797,81.61349451757653,86.10357878770469,83.7601106864591,86.05720668733123,84.1775121008356,80.42349902664725,86.64853525602351,82.25925433975227,85.45416834932246,85.84505597455797,85.50711164451866,89.43291751891866,80.6196243736582,82.25908995424176,83.5171422114394,82.22638585117232,80.57423027477759,80.51130929789684,81.01936975347422,89.49460049470456,84.13682181312205,89.38894711082875,85.42273069789144,81.37149868657323,89.05068424968775,80.80208700460688,80.79279969748966,81.16381826172142,88.52400692475231,85.20270801668313,82.21456205195122,80.44601874845333,81.57930962893403,85.74889496694453,81.62916665094399,84.7941674759298,81.95359882060518,87.79849552957936,85.17814444169854,87.62390686880909,87.95514240987487,83.0447762992435,86.7611232390237,81.4086409811124,83.3429890824479,84.13024699997887,81.82215946716389,87.15366696176724,85.75120051970819,89.75088331891823,85.9580718170705,84.4000964490028,87.962038874425,83.47321332642548,89.28782215724485,84.33576909181814,87.77582608914157,80.27167290661565,82.34890834757027,89.41537112388832,82.4207716071484,85.97787655472551,84.66833108449441,87.25340810606343,89.91636145073137,88.89221415669148,87.48118356169613,82.09628006498545,83.64576468619526,89.36443467848221,87.24464990651083,80.83302531331168,83.42506168942623,88.8851999357223,86.63336490998023,87.89479573612425,85.73448050401589,81.13015419174943,87.68582856491288
82.9693644765782,83.16636390631174,85.76569394638578,83.25761047707884,81.11820882257648,83.13642035264286,81.01791900665239,83.3706122379348,86.3793127111212,85.01113170882434,88.15587060913109,89.2390501741213,86.97099101447215,89.92190895421687,83.10031503505739,86.90284437779744,83.12608281477736,83.820866668322,85.9940974471472,81.7954947441611,84.65393010505184,82.40453700315403,80.89554704964215,81.32818272209019,81.69690935869153,82.46273162035111,81.81204655837858,89.9839091124465,86.27915332683554,84.50333341119057,88.32746358186155,89.47032574319792,87.10539879161614,86.09868914900522,81.43991355895935,80.88222373720656,86.8736259706439,87.55949766927327,88.90311867868485,82.59327465234783,80.95719585422346,86.34529527758419,81.75385711129265,83.63591981670533,88.04162191798788,87.59731752495499,86.28456722921547,81.90271192934281,83.84461102179142,87.0261703669758,82.56003194634718,87.24823855469253,83.33004578661793,87.69459526097786,85.32925210841232,84.38349356417012,82.47247120091674,83.92530813550079,88.68019729607515,83.89963439499154,80.27034411213137,86.90874152165992,87.44116634059212,86.1317753728568,83.07976106985052,87.81007140664404,87.64295442064147,86.39709811999924,81.77195183587129,86.78170275668539,82.88252212116939,80.11419233195299,84.05600330987265,88.94816245292,89.89626295676536,84.60621867069055,85.23308647907221,84.9303817290414,87.82065531557731,84.53767170414388,88.77794440166076,81.09003660102299,86.22896926206295,84.20883474336065,88.54687190557772,80.8861341285163,82.59383879875362,81.88667737434125,83.77126409027522,85.70212125818314,84.8749613723355,80.52721432608533,87.58411891428015,81.14074299923044,88.819449124596,86.25754920406489,84.8718382257697,89.7368730806296,80.91192164724951,80.19114953389932
87.63529150029586,84.06710057138737,85.47487933670884,83.4183508958488,85.66403480511529,82.90327220218026,83.19553390768819,88.92581357362741,88.59594683238308,84.76305676727314,81.13639183348317,83.64295093664047,87.28036143498076,80.93597334954944,87.91018343021615,89.67291113384017,85.09425073970843,84.72172391741583,88.09767192022953,86.61084030173149,88.7390822490809,85.07244166425608,80.34154209188151,84.66089761350506,87.3972932202705,89.5949826072874,84.80530893336899,83.4210147475414,81.66312715886119,83.38633941365741,88.84759534963388,83.79197410845245,87.03593116430052,81.30154855230428,84.95423304979626,82.15288258147865,81.7453664584842,83.75738724464036,81.88463159761136,86.2984582245737,83.85862893317143,83.90875056993578,87.61080558447544,81.76259031568918,86.42455839124335,88.66827723799456,85.6150380117758,89.76594086847327,81.13309008490063,89.5915129595676,82.6531645949224,83.24244586596016,86.72858336342615,81.41447934397219,87.71619573004988,85.60427036366052,89.20456820543468,85.62697858148906,89.15566434236479,89.93127711552626,81.9467015568549,88.64690181760858,85.79725416881811,85.63453123407061,84.42349744133897,83.11907920567143,85.79154273468662,82.76977922240341,85.12899928330553,85.36425010671199,87.52149849693792,88.17193849439545,84.15008654403975,85.52957781754723,86.45669390087335,84.4490258747488,84.74673732190982,85.47569825140638,80.17534063927317,82.0218976918393,87.4585014704389,87.81244177209022,84.96553201825027,81.13442829825992,80.39120892716649,80.79658824357486,84.08259845234635,80.20788260043119,88.79696699388434,85.82391818225474,87.16679049076924,85.26260146247955,89.95135761793063,82.69870742096022,84.3553749564033,86.85182116636781,87.99734190150114,82.06756058258344,81.56027076132578,82.29693255002326
83.12608281477736,87.59186100702604,84.919064812851,89.78361269665608,82.15410807374302,84.69845401187783,84.49290394100981,84.60887869983821,84.49957860947673,84.49152064930098,83.37344503146706,84.05391254837716,82.01179240526443,88.22746192958172,86.85148911620202,87.12696814396634,88.2261171855674,83.57670100316521,82.466727904916,81.093406756244,81.02125096476409,88.7431594901456,88.0734786638045,89.73988171965607,81.29540570999944,81.74155269807835,84.1400085908094,84.97747315523215,80.51370313057896,86.8347276096755,82.86404034227301,80.0917156346664,85.14892231531518,84.035231982388,81.26426104805412,89.16855716969619,80.1404704008561,86.13471392755164,87.83809100993257,82.92107906379597,83.17076588518393,83.259008469704,85.84258226393568,87.24306228642106,89.49587632277598,89.46253138950875,88.66827723799456,81.77682881557696,88.44023017266537,87.8224699938847,82.22264264169944,85.99192299157778,86.95611101811879,80.95719585422346,83.97478123871223,84.75736051665838,83.5796125964646,80.16069906973259,82.27955477659974,85.60979844187231,83.89618110247896,89.79018649652323,89.03863044254928,83.55201976750551,87.60464963874593,89.24987013143225,83.74757288505513,83.25343281590476,87.05910519241598,85.32870032213064,83.60210699127107,87.17055348656856,86.24052862610371,84.91756019903526,88.2506926544248,82.35194060570676,89.71128802030034,82.41192508201281,85.9374812070067,89.80902744089897,89.5449963273455,83.58516314982528,88.25147313666638,82.49457244136275,89.67395594122775,82.59624933624937,80.66141425278046,81.07286329672341,85.06468447994136,87.55287929313609,83.10223044189783,85.23713317244004,83.21463273453118,85.59204599428196,83.42003100704494,84.89171216214415,88.88121466787109,85.68622611662119,80.79093922769549,87.74561558518711
88.37889514677656,87.1349802118898,86.8884426122877,80.35992006936253,84.83248458677811,83.24859407107797,81.39099689199197,87.89096878178114,85.29624398507495,84.73859810290614,83.0447762992435,83.3488417033841,88.48910705449585,80.91124004818143,88.76474813521733,85.76522737264972,89.61139791348107,80.99269993781625,89.38122266018254,85.84602238522572,88.9584401853528,85.24444575591833,84.88376505457946,81.69055369784137,81.11728206205784,80.3937006106483,86.08762661284979,84.0074999614062,86.83113689602885,83.87111793967608,84.08377054288997,85.41037283321884,89.2017557856253,83.42911716601081,84.36803001191646,80.96360291933783,86.8610073501933,85.46308684024393,80.88441523536179,80.20788260043119,85.85118415455037,81.67078892076867,88.33021378883248,89.44021538630031,86.94632195335423,80.1684079983584,87.05185976425832,83.47321332642548,81.27752396938035,80.19192287656037,83.6878302823796,81.44822744136816,80.53232457440225,89.93101004358738,82.03410401651271,83.5026036166376,81.4548620296069,81.29539532104722,89.75853195725696,85.32209728989697,83.32198230387714,88.2918980714567,85.26892101374654,83.98103692142767,89.75385569785412,81.59696643553447,86.92612763660958,80.3579893338603,89.82641648605991,84.65263590388051,84.39942629739814,88.64285385255492,86.25300052991604,82.81966377043473,82.99735590414751,85.82917663400775,88.40571675556684,80.33186174134377,85.07501322449174,85.7953031554768,88.81640377491672,88.81115758796261,87.86609119833396,86.51379286555981,85.966123993448,84.45454099820259,86.24752893215864,86.59096282054008,84.16129943205512,88.38041902293375,83.83938728909669,85.80010965440009,84.90030753376482,85.89815870908731,80.022377458743,81.67929362361777,89.08798268108,87.69459526097786,81.2583993485641,84.69798677486678
84.45632711086694,89.6033535202109,82.13739983269565,81.13640299209374,85.22761810389056,85.72777149012812,88.68924901242245,83.88531195076993,84.29187884769493,86.24677271485385,81.45782179593826,80.21309033620489,82.38238735268035,85.9910654722403,81.46419797625828,87.62390686880909,81.69216651572859,81.75283173879106,85.17741671592447,80.81406314755992,81.36864949274137,84.664391620727,89.12016904225979,84.42222219124014,82.36867320175504,89.5137954474277,85.20798095561607,87.06798859006139,84.04218129295124,84.79296614514445,86.38715817874703,84.03114770930446,88.79931878425637,81.71512102945897,85.84258226393568,82.31931966059585,89.94616402575184,81.27094593584567,83.98603434536835,81.08037724284335,80.95794453593436,85.15531663922837,84.41003960668998,88.23804284904091,83.42277994012865,88.31682979732167,80.25665802905577,84.00998859109436,89.9700773506133,87.29386382608034,83.94266650356424,81.33361214779934,80.16416669241053,88.71216094466456,86.2450617097215,86.56708091735631,81.30457096402395,82.27103417204867,83.65490555344388,89.72600496795451,89.24987013143225,88.00472830171148,81.2268631673478,82.26830466434657,89.57801687682226,89.45499547233452,80.6477778414031,87.85267536384644,82.98041230826207,87.23219383262693,88.61556698452188,86.63707306719606,88.23966877619725,89.9980225511018,81.36635178485331,81.85236617922267,88.62355479594086,82.37797661907052,83.55123709316274,87.06798859006139,83.0321424700325,86.1554235269188,80.26626997130958,85.46479547408404,88.72808111310725,81.76259031568918,88.57089993855244,86.65892076639992,80.53232457440225,88.14225779560863,89.63371037432952,87.03943111262234,81.05201081154135,88.60720394723558,85.2051225025062,87.29429597578425,81.4863242824513,81.65974478875995,80.61590240538028,85.74555997250224
82.7867467048254,80.93396830870765,89.3025859829999,86.7314983931499,86.32110836283215,82.56484456028329,86.98557192895954,88.3292371124167,84.21488513833755,87.25830156823493,86.37063254612887,86.86327321398618,83.14710655440456,85.72664814277897,89.56735249327731,89.39700593306851,89.85810748369602,83.80208362449213,80.27167290661565,82.23364925543856,81.98492060393671,88.44477968912116,84.3841068675359,87.03478948697978,88.70823804438953,88.49294047760516,87.17124681040535,82.12620539798769,83.40563882878344,86.83757023001665,83.57936597278014,87.07757095794237,86.59493539686444,86.03131649759264,80.32889850675473,89.61635626939541,85.59871298683464,83.3552804954148,87.30897357894642,88.95466920885625,85.24383112338353,82.37797661907052,87.87543368739898,89.03863044254928,80.43392496393946,81.27310548336598,82.10890352835047,88.41115141991975,89.59336878361111,82.95970128976789,85.62659884704833,83.53507179767547,89.49081854450523,84.96775795730024,84.79140698125504,84.39350344927414,83.37442050017196,88.45462879583656,82.46128547400143,88.94816245292,80.63267453530355,87.26454949725668,86.52285207580752,86.53383539314434,89.16602610985373,88.05206819553857,82.27891368832445,81.51810984492457,85.02411433858443,84.60557167366836,84.16129943205512,83.15594735342118,86.80743875983943,82.26923459948443,85.3263741465373,89.84319293363318,86.9887438613744,87.5994635124156,89.37185253718697,86.94391620382865,84.85372777424402,84.85160651323261,81.54126715817038,85.73074478064228,89.91798323819457,81.4026280301953,85.05869209283027,82.85173602789767,84.21711922534953,88.40149177840594,89.73274196966824,87.96285723175279,82.70998693860538,81.6905717478261,84.32260358723322,89.47146864828316,83.79197410845245,85.73448050401589,81.93949287336964,80.60342236514592
81.88011328750335,89.91784233724246,89.50403370790688,81.37507191978789,82.475643259743,87.63672656951239,82.49234721795429,87.95194687106678,88.7431594901456,83.45973148703672,89.86958428669176,80.25229536096069,86.85931403946617,84.60241243991761,87.14318300835663,80.21003172406661,83.15441469628357,85.12899928330553,84.32605722126476,86.9856885099326,80.83862236243772,85.16730941344285,87.53179520459481,80.13054637936345,84.6430041831148,89.44021538630031,84.58748239356437,81.14105745650137,86.35014256131782,81.7192231737356,82.89352515380932,88.3912022385165,87.78087366405263,81.91318287772486,87.11445684494598,85.90536709609239,80.32677305662409,83.52637578471838,88.35359003271435,89.94406307189979,85.24597332386485,84.6755995388193,80.32999484968201,81.47970010579242,83.84229576710717,86.59929169460777,82.09103498067498,81.5321954545969,85.05561739466299,83.59404178366886,89.82397494948455,85.82391818225474,83.57353863441683,80.37980383178875,82.88955700027802,85.34982415212657,85.41836441289108,88.62212631381428,81.87561270895841,88.52797198124236,89.51752660510411,89.37723261833328,81.8376642833126,85.70836066631733,85.30870051621027,87.9329820532259,81.992673767237,85.51464770250107,83.12782165552761,83.38774723569917,83.38644883792895,89.76087720024951,86.54112178315928,86.65695924304205,81.15861611104333,83.44111933381188,89.12554277566882,82.6531645949224,87.18945291214791,89.43007827068234,83.91305138626139,83.49945809154151,84.20093879615773,83.01061051099367,89.41170353749112,82.40487417321009,82.68043238685352,85.08412615944768,82.25908995424176,82.85797048287642,88.37121430846696,81.1708621704056,87.4585014704389,89.85836325139978,82.42810162388398,84.3690414955318,80.33689128778336,80.93294057612135,87.31319046514162,82.46633490799132
82.19525610584753,88.39637512363788,85.34437996539721,81.55866405179468,89.49293961803087,85.75152579537202,89.29458376493862,80.36299039044167,83.61619189693297,84.42349744133897,80.49299503063115,84.13314323003308,81.7542537522311,87.80935421070558,87.85910658289508,82.9106028062295,84.94106942351276,89.5652655743246,88.5021173827315,81.809876376072,84.54548809486857,82.88375556722147,84.00939290775486,88.04736887274092,85.70238333349238,88.22583809548128,86.7998382103401,86.05454142990408,82.96954392215314,81.25945999114454,83.0321424700325,83.06953693059111,88.33563049884756,82.00048601733532,88.67631253039158,80.78140923410895,84.37405101030289,89.01065262200616,81.90256288003123,85.19061956587689,88.43231454365907,83.96474644628422,83.27821705174554,87.27467230530476,83.29944257629006,89.42521072833848,86.37063254612887,82.50798268633962,86.08615760305153,80.18732689479879,87.79294304528239,84.73859810290614,80.55896146637305,84.92025539009755,83.26638380404324,81.29821762357788,85.83158115183227,86.49531746716616,88.42221083514545,82.89713152645669,89.86638620969475,89.53259303127919,83.57879326754977,89.22285183272186,87.15014546415324,85.61840258243949,84.58832446782532,85.22217849853266,81.25411068747923,83.38929037724391,85.48666668178535,84.91587730099022,84.92131256280003,84.6854122234268,87.50538288115068,89.17806716167485,89.44331767317206,81.84700520461617,82.31457964715436,81.6748520722568,85.92345652854651,81.01984260540314,84.82351042135969,84.52782189379205,87.03400772280732,89.84086771534524,88.64593920318842,87.32467145578285,82.56906564590335,87.59186100702604,86.53383539314434,89.54597302956076,82.5237857585155,88.47776430974565,80.97832450476551,82.19525610584753,85.60847924163971,85.696375966903,85.60434164580504,88.96615171348411
81.4450704664607,86.88467429431314,83.68335603793047,86.71125351360294,87.3522231003898,87.50613223266481,82.93038413377,83.61619189693297,84.81915825759839,81.84800923199974,86.14422746700957,83.9499632030209,88.74403078377965,89.29155767401461,85.54836621426541,86.73652572679663,85.83990576106568,82.00331501850918,89.88347359520908,87.64226541289771,86.51897793687036,86.81316272283141,86.27048542282913,84.40195444906442,86.96764040810284,86.17610005669762,87.04876202031981,85.4766878245898,81.18746812840826,82.66052718761368,87.5396877060443,88.19412388493845,83.50912409992546,89.87931737083505,82.71649682145576,82.6531645949224,85.65229035618103,81.67929362361777,82.19579421878737,82.78663111408136,86.48546801311035,83.8629580376304,80.369863122658,88.37610966908748,85.04196306274092,80.51747450964716,85.72740189976976,80.61045653912501,87.73146169076206,82.87709008695134,89.36228405906778,86.92532871897627,86.72467142741237,81.30223996466147,83.31746053101608,81.00767401011005,82.56638942532594,80.05483049703679,82.42834331643309,81.33361214779934,84.38711537732257,89.4342010943948,85.55354730542301,83.29667158695692,81.9657473417684,86.0936598101618,81.21049236046825,83.94913471977551,85.69386187735839,81.22198959364574,83.17067416339032,81.73307610646256,89.16082141188213,87.40425740150394,82.06739292321487,86.84742518452828,83.83098743891198,83.34889277387295,88.75151404717775,88.3265939453564,86.46431215809437,88.81677494003236,84.94419016767066,83.11258373016737,83.18372027518926,82.26687526604721,86.92410884231812,82.83300163824251,87.40672626220119,86.08615760305153,88.22562090821457,89.58170443275678,85.01745356877097,83.3783906566388,88.43423466879763,84.1667738437391,86.68913118653873,83.12973571919349,87.72298207873756,85.63019912203845
81.24262916510146,86.81626054746759,89.22528613818169,89.13251839965405,87.18064007541416,87.24823855469253,84.06697993563904,89.64346346968962,87.11386755198293,83.62390818547212,84.09152806171045,88.83997727517288,86.8481849475012,86.76013668157715,81.84800923199974,88.7359003424118,88.13315222392133,81.57836295678645,84.49084441008611,89.52192105314316,82.1110451107564,87.85910658289508,81.46755233586289,84.26884236260469,81.1745900382727,83.28095736588165,87.13930870584834,82.25622632516223,84.35301491331653,84.08034445646207,81.61659213244683,89.16855716969619,86.68455244072669,83.44459833747874,80.50130757333275,83.56043157198695,89.588179907191,80.00361365555521,88.87570741785213,85.87804718924976,84.05600330987265,86.59096282054008,83.35011413114299,89.28839362863239,85.34313479595006,87.54526560117498,83.13500577183315,81.00807775870331,89.69289428055406,82.02915124908736,89.38893272844737,84.24541427070281,86.12962250957159,80.29691153854384,85.43059253647115,83.95727763781831,85.24920757432376,82.13916762282611,89.2649765377287,80.97639852675253,89.598194846438,86.77342590570453,84.92118627667745,85.12899928330553,82.5934801512621,82.71597296836505,83.35051015393854,82.06566448888842,85.31104649668835,82.95714819081302,82.33663646842611,87.70573448873867,81.61270919489803,81.64715972045636,80.34852810365385,82.4305234157515,82.4989176359208,85.4002239851789,87.36762304787155,89.22641132176007,84.22934468953862,83.66068554993653,80.31919782612391,80.85228673255371,84.11659597437429,83.5796125964646,80.33241978449539,81.87782625397185,84.13951920642668,80.6768834481146,82.37065100090912,82.82988611545812,81.05409745321784,84.5603161236394,83.42657476114302,83.92923475539524,86.69978162796873,81.06673794649538,82.60843629177309,83.96182140204067
